,time,current
0,0.026824,0.01000017
1,0.775124,0.01000015
2,1.465914,0.01000015
3,2.149111,0.01000014
4,2.823578,0.01000016
5,3.49857,0.01000015
6,4.171096,0.01000015
7,4.852671,0.01000017
8,5.520767,0.01000015
9,6.187978,0.01000016
10,6.858724,0.01000016
11,7.529914,0.01000016
12,8.204804,0.01000015
13,8.879469,0.01000015
14,9.555202,0.01000015
15,10.222204,0.01000016
16,10.890944,0.01000016
17,11.562186,0.01000015
18,12.231143,0.01000017
19,12.904701,0.01000017
