,time,current
0,0.024852,0.0100002
1,0.796308,0.01000018
2,1.474738,0.01000017
3,2.158748,0.01000018
4,2.83391,0.01000017
5,3.511203,0.01000018
6,4.193362,0.01000017
7,4.872044,0.01000017
8,5.545215,0.01000017
9,6.220544,0.01000018
10,6.9036,0.01000018
11,7.596538,0.01000017
12,8.274896,0.01000016
13,8.952626,0.01000019
14,9.6323,0.01000015
15,10.309913,0.01000017
16,10.98048,0.01000017
17,11.652271,0.01000017
18,12.324557,0.01000017
19,13.0085,0.01000018
