,time,current
0,0.031538,0.0007032821
1,0.79899,0.0007017988
2,1.46878,0.0007010836
3,2.149333,0.0007009191
4,2.820626,0.0007015461
5,3.49658,0.0007010591
6,4.17187,0.0007010355
7,4.851603,0.0007006447
8,5.519911,0.0007011073
9,6.187337,0.0007006685
10,6.8549,0.0007008828
11,7.526748,0.000700679
12,8.196379,0.0007010345
13,8.879924,0.0007005147
14,9.559297,0.0007008864
15,10.22802,0.0007011934
16,10.899288,0.0007008161
17,11.56787,0.0007002531
18,12.249312,0.0007006624
19,12.957961,0.000700754
