,delT,delV
0,-0.81,0.01571946
1,-0.9,0.01573621
2,-1.05,0.01541626
3,-1.17,0.01519984
4,-1.39,0.01555546
5,-1.43,0.01587811
6,-1.56,0.0161556
7,-1.62,0.01572449
8,-1.14,0.01571464
9,-1.15,0.0159734
10,-1.05,0.01585041
11,-0.96,0.01608731
12,-1.17,0.01553267
13,-1.32,0.01555406
14,-1.41,0.01576243
15,-1.48,0.0158262
16,-1.15,0.01583735
17,-1.27,0.01562454
18,-1.28,0.01606463
19,-1.57,0.01605037
