,Voltage,Current,Registance,Time,Status
0,0.01662915,0.001000021,9.91e+37,883.4775,39940.0
1,0.01662813,0.001000021,9.91e+37,893.5059,39940.0
2,0.01662309,0.001000014,9.91e+37,903.5332,39940.0
3,0.0166302,0.001000027,9.91e+37,913.5615,39940.0
4,0.01664927,0.001000025,9.91e+37,923.5889,39940.0
